Algorithm,Condition,TotalPackets,ReceivedPackets,TotalAttempts,LostPackets,PacketLossRate,TimeMs,Throughput,AverageCWND,FinalCWND
AIMD,Good Network,1000,1000,1028,28,0.027237354085603113,2496,400.64102564102564,6.155688622754491,9
TCP Reno,Good Network,1000,1000,1036,36,0.03474903474903475,2493,401.1231448054553,6.278787878787878,9
Adaptive,Good Network,1000,1000,1031,31,0.030067895247332686,2443,409.3327875562832,6.525316455696203,11
AIMD,Good Network,1000,1000,1033,33,0.031945788964181994,2560,390.625,5.803370786516854,4
TCP Reno,Good Network,1000,1000,1041,41,0.0393852065321806,2564,390.01560062402496,5.88135593220339,4
Adaptive,Good Network,1000,1000,1034,34,0.03288201160541586,2484,402.5764895330113,6.266666666666667,5
AIMD,Good Network,1000,1000,1031,31,0.030067895247332686,2535,394.4773175542406,5.925287356321839,7
TCP Reno,Good Network,1000,1000,1039,39,0.03753609239653513,2539,393.85584875935405,6.005780346820809,7
Adaptive,Good Network,1000,1000,1033,33,0.031945788964181994,2483,402.73862263391055,6.260606060606061,10
AIMD,Good Network,1000,1000,1030,30,0.02912621359223301,2527,395.72615749901064,5.988372093023256,5
TCP Reno,Good Network,1000,1000,1038,38,0.036608863198458574,2524,396.19651347068145,6.105882352941176,5
Adaptive,Good Network,1000,1000,1032,32,0.031007751937984496,2455,407.33197556008145,6.45,5
AIMD,Good Network,1000,1000,1031,31,0.030067895247332686,2529,395.41320680110715,5.959537572254336,6
TCP Reno,Good Network,1000,1000,1039,39,0.03753609239653513,2538,394.0110323089047,6.005780346820809,10
Adaptive,Good Network,1000,1000,1035,35,0.033816425120772944,2508,398.72408293460927,6.124260355029586,6
AIMD,Normal Network,1000,1000,1048,48,0.04580152671755725,6360,157.2327044025157,5.266331658291457,8
TCP Reno,Normal Network,1000,1000,1048,48,0.04580152671755725,6314,158.37820715869495,5.346938775510204,8
Adaptive,Normal Network,1000,1000,1048,48,0.04580152671755725,6283,159.15963711602737,5.402061855670103,8
AIMD,Normal Network,1000,1000,1053,53,0.050332383665717,6367,157.0598397989634,5.291457286432161,5
TCP Reno,Normal Network,1000,1000,1055,55,0.052132701421800945,6298,158.78056525881232,5.438144329896907,5
Adaptive,Normal Network,1000,1000,1052,52,0.049429657794676805,6397,156.32327653587618,5.233830845771144,5
AIMD,Normal Network,1000,1000,1047,47,0.044890162368672396,6308,158.5288522511097,5.341836734693878,13
TCP Reno,Normal Network,1000,1000,1047,47,0.044890162368672396,6308,158.5288522511097,5.341836734693878,13
Adaptive,Normal Network,1000,1000,1048,48,0.04580152671755725,6279,159.26102882624622,5.402061855670103,8
AIMD,Normal Network,1000,1000,1061,61,0.057492931196983975,6687,149.54389113204724,4.844748858447488,10
TCP Reno,Normal Network,1000,1000,1063,63,0.059266227657572904,6555,152.55530129672007,5.061904761904762,10
Adaptive,Normal Network,1000,1000,1061,61,0.057492931196983975,6656,150.2403846153846,4.889400921658986,10
AIMD,Normal Network,1000,1000,1044,44,0.0421455938697318,6139,162.89297931259162,5.643243243243243,5
TCP Reno,Normal Network,1000,1000,1044,44,0.0421455938697318,6139,162.89297931259162,5.643243243243243,5
Adaptive,Normal Network,1000,1000,1044,44,0.0421455938697318,6112,163.61256544502618,5.704918032786885,5
AIMD,Congested Network,1000,1000,1103,103,0.09338168631006347,18035,55.44774050457444,3.604575163398693,6
TCP Reno,Congested Network,1000,1000,1103,103,0.09338168631006347,17947,55.71961887780688,3.6402640264026402,6
Adaptive,Congested Network,1000,1000,1103,103,0.09338168631006347,17465,57.2573718866304,3.843205574912892,6
AIMD,Congested Network,1000,1000,1116,116,0.1039426523297491,18516,54.007344998919855,3.4875,7
TCP Reno,Congested Network,1000,1000,1116,116,0.1039426523297491,18545,53.9228902669183,3.4766355140186915,7
Adaptive,Congested Network,1000,1000,1116,116,0.1039426523297491,18031,55.460041040430376,3.6710526315789473,7
AIMD,Congested Network,1000,1000,1105,105,0.09502262443438914,17704,56.48441030275644,3.7457627118644066,5
TCP Reno,Congested Network,1000,1000,1105,105,0.09502262443438914,17704,56.48441030275644,3.7457627118644066,5
Adaptive,Congested Network,1000,1000,1105,105,0.09502262443438914,17133,58.36689429755443,4.003623188405797,4
AIMD,Congested Network,1000,1000,1137,137,0.12049252418645559,20020,49.95004995004995,3.0980926430517712,5
TCP Reno,Congested Network,1000,1000,1137,137,0.12049252418645559,19990,50.025012506253134,3.1065573770491803,5
Adaptive,Congested Network,1000,1000,1137,137,0.12049252418645559,19031,52.54584625085387,3.404191616766467,5
AIMD,Congested Network,1000,1000,1103,103,0.09338168631006347,18052,55.39552404165744,3.592833876221498,5
TCP Reno,Congested Network,1000,1000,1103,103,0.09338168631006347,18052,55.39552404165744,3.592833876221498,5
Adaptive,Congested Network,1000,1000,1104,104,0.09420289855072464,17547,56.989798826010144,3.806896551724138,5
AIMD,Highly Congested Network,1000,1000,1241,241,0.19419822723609992,44470,22.4870699347875,2.4097087378640776,3
TCP Reno,Highly Congested Network,1000,1000,1241,241,0.19419822723609992,44369,22.53825869413329,2.419103313840156,3
Adaptive,Highly Congested Network,1000,1000,1241,241,0.19419822723609992,43570,22.951572182694516,2.4969818913480886,3
AIMD,Highly Congested Network,1000,1000,1269,269,0.2119779353821907,46041,21.71977150800374,2.345656192236599,8
TCP Reno,Highly Congested Network,1000,1000,1269,269,0.2119779353821907,46139,21.67363835367043,2.3370165745856353,8
Adaptive,Highly Congested Network,1000,1000,1269,269,0.2119779353821907,45337,22.05703950415775,2.407969639468691,8
AIMD,Highly Congested Network,1000,1000,1234,234,0.18962722852512157,43448,23.01601914932793,2.4879032258064515,5
TCP Reno,Highly Congested Network,1000,1000,1234,234,0.18962722852512157,43448,23.01601914932793,2.4879032258064515,5
Adaptive,Highly Congested Network,1000,1000,1234,234,0.18962722852512157,43149,23.175508123015597,2.5183673469387755,5
AIMD,Highly Congested Network,1000,1000,1274,274,0.2150706436420722,46746,21.392204680614384,2.299638989169675,5
TCP Reno,Highly Congested Network,1000,1000,1274,274,0.2150706436420722,46696,21.41511050197019,2.3037974683544302,5
Adaptive,Highly Congested Network,1000,1000,1274,274,0.2150706436420722,45947,21.76420658584891,2.3680297397769516,5
AIMD,Highly Congested Network,1000,1000,1244,244,0.19614147909967847,44442,22.501237568066244,2.4202334630350193,5
TCP Reno,Highly Congested Network,1000,1000,1244,244,0.19614147909967847,44442,22.501237568066244,2.4202334630350193,5
Adaptive,Highly Congested Network,1000,1000,1244,244,0.19614147909967847,43490,22.99379167624741,2.5131313131313133,5
